Jugador,Bolitas capturadas,Tiempo de partida
Player1,10,10
Player,9,14.19210802
Player,8,14.463838661
Player,5,9.824250677
Player,4,6.736387473
Player,3,5.983761007
Player,2,2.256414906
