Jugador,Bolitas capturadas,Tiempo de partida
Player,12,24.559740966
Player,12,27.376252394
Player1,10,10
Player1,10,11
Player1,10,12
Player1,10,13
Player1,10,14
Player,10,17.935538249
Player,10,21.663278226
Player,9,14.19210802
